{
    "version": "2.0.3",
    "latest_version": "2.0.3",
    "hashes": {
        "main": "6047241ff3937a148ec451332f492e09",
        "fflag_install": "654b75f0f0acf2c8691bcc3b41c3c8d7",
        "install": "9d23054f57f7b4b1f73ba68d7739ede4",
        "bootstrap_api": "2b03103c86d17e64e5cbb15ca0f331be",
        "discord_presence": "4c0a3cc04dd67903deb51f67c987d16f",
        "pip_handler": "4fcf0b027d0ba8bd5d5f6bf4687420ae"
    },
    "download_location": "https://github.com/EfazDev/orangeblox/archive/refs/heads/main.zip"
}