{
    "version": "2.4.0a",
    "latest_version": "2.4.0a",
    "hashes": {
        "OrangeAPI.py": "f336f45beb687533ffed2b30aa6122ee",
        "RobloxFastFlagsInstaller.py": "008a196c5fe448e2d22d56be57e7be42",
        "PyKits.py": "c7068bd2b5023e9378ceb9774b5e5676",
        "DiscordPresenceHandler.py": "2f534e63cd73ae4b43fc06ad49718abc",
        "Install.py": "b3f56459112e77c1235d10b119318151",
        "Main.py": "e5e0c221848eb39d181282b7afc1c705",
        "OrangeBlox.py": "67892b7b72c53305f35b56c9392a57af"
    },
    "download_location": "https://github.com/EfazDev/orangeblox/archive/refs/heads/main.zip"
}