{
    "version": "2.4.0",
    "latest_version": "2.4.0",
    "hashes": {
        "OrangeAPI.py": "58d6bccbb716fd913c77e119dd99b6d7",
        "RobloxFastFlagsInstaller.py": "c1033042505cb6aebadd9906487ffebd",
        "PyKits.py": "f9a3e8c32ca0e9c0fa9975f0544843d4",
        "DiscordPresenceHandler.py": "83fb0ee38a491984ea31beff5ad6ce0d",
        "Install.py": "a46b005fc6376b57cf3de2e7603a9fb5",
        "Main.py": "1aef95af1698f7d598125422c7b5604e",
        "OrangeBlox.py": "c74d3b8e0558bf364d212405f6146e0f"
    },
    "download_location": "https://github.com/EfazDev/orangeblox/archive/refs/heads/main.zip"
}