{
    "version": "2.2.4",
    "latest_version": "2.2.4",
    "hashes": {
        "OrangeAPI.py": "cc69645a0d942dfb2daf3b23a4d811ef",
        "RobloxFastFlagsInstaller.py": "3d992b8ce62568ff6360944c42a56b0f",
        "PyKits.py": "df7055f58f373dd552dee5118c746dcf",
        "DiscordPresenceHandler.py": "3f6c62bceb8fa396d81ef0b8b3b31d2e",
        "EfazRobloxBootstrapAPI.py": "8223c36e06bffaceb2712d6144455c54",
        "Install.py": "7ff8dabb64bc84b52b3489fd33d821d1",
        "Main.py": "7638c891d950ae87acd51d9aab338ba7",
        "OrangeBlox.py": "1bf80a9f5ff853e0eecce4c8b2115bdf"
    },
    "download_location": "https://github.com/EfazDev/orangeblox/archive/refs/heads/main.zip"
}