{
    "version": "2.2.1",
    "latest_version": "2.2.1",
    "hashes": {
        "OrangeAPI.py": "1ab01f0127a0c21918ed34ccc9e339b6",
        "RobloxFastFlagsInstaller.py": "a925b3bcb190edfdda1886e7e2977681",
        "PyKits.py": "df7055f58f373dd552dee5118c746dcf",
        "DiscordPresenceHandler.py": "69f120936f5a99b40099352c42d42fd2",
        "EfazRobloxBootstrapAPI.py": "a082f1efaa9c9475d94cab1795515b8a",
        "Install.py": "1acb1d21d3252a18ade63c0f7f4d6b1e",
        "Main.py": "e4013500aa14f06244fb7660552c9529",
        "OrangeBlox.py": "b97564fe02667fa531607118e4d4cdaf"
    },
    "download_location": "https://github.com/EfazDev/orangeblox/archive/refs/heads/main.zip"
}