{
    "version": "2.4.0k",
    "latest_version": "2.4.0k",
    "hashes": {
        "OrangeAPI.py": "43338e84961a207e56219f5f6d463f6e",
        "RobloxFastFlagsInstaller.py": "3f35c393265f25bce29f9f6437022fe7",
        "PyKits.py": "9d8c3bb7779264c67fe00c7cd257f86f",
        "DiscordPresenceHandler.py": "e2c8728c5496b2db0cc88584cafa34e2",
        "Install.py": "340ab2231677cc835cf160246b9ebc98",
        "Main.py": "4085527f3c25aafc6fd35eb17702ac5c",
        "OrangeBlox.py": "5ea3fdbf8be9a89cc9028e5b9dbb63ed"
    },
    "download_location": "https://github.com/EfazDev/orangeblox/archive/refs/heads/main.zip"
}