{
    "version": "2.2.3",
    "latest_version": "2.2.3",
    "hashes": {
        "OrangeAPI.py": "8b12febd2a5f57640a0b67459f1b9672",
        "RobloxFastFlagsInstaller.py": "3d992b8ce62568ff6360944c42a56b0f",
        "PyKits.py": "df7055f58f373dd552dee5118c746dcf",
        "DiscordPresenceHandler.py": "3f6c62bceb8fa396d81ef0b8b3b31d2e",
        "EfazRobloxBootstrapAPI.py": "46fd46b949485f916fc658551044de2d",
        "Install.py": "5230a016c9f3e2c79c73c6edd445df1d",
        "Main.py": "6c3dfc561e0e4ff12a1c43dbc066e6a5",
        "OrangeBlox.py": "ad34ce07d63cea84a958adabaa3774af"
    },
    "download_location": "https://github.com/EfazDev/orangeblox/archive/refs/heads/main.zip"
}