{
    "version": "2.3.0b",
    "latest_version": "2.3.0b",
    "hashes": {
        "OrangeAPI.py": "572ad3e83902e85fb9887cf53420422f",
        "RobloxFastFlagsInstaller.py": "c7f402cd10fb26a185287bf9df4e9a88",
        "PyKits.py": "ca7875324867380d374c3d235ac6e310",
        "DiscordPresenceHandler.py": "3bfb67de55e4374fc941c501473c0182",
        "EfazRobloxBootstrapAPI.py": "6cc6d6617125a528417065802bc3bd30",
        "Install.py": "64d363f7fce31f5ae8df054a87e130dc",
        "Main.py": "1d301d37e33c32fb4f31665429c7117d",
        "OrangeBlox.py": "d70aa16cf3d74c32844430e66458a2e0"
    },
    "download_location": "https://github.com/EfazDev/orangeblox/archive/refs/heads/main.zip"
}