{
    "version": "2.3.1g",
    "latest_version": "2.3.1g",
    "hashes": {
        "OrangeAPI.py": "e3c34e92340073bf6a31507bd84de7bb",
        "RobloxFastFlagsInstaller.py": "ee2814e89a7f9195e3bab41a6e5db0db",
        "PyKits.py": "c7068bd2b5023e9378ceb9774b5e5676",
        "DiscordPresenceHandler.py": "2f534e63cd73ae4b43fc06ad49718abc",
        "EfazRobloxBootstrapAPI.py": "1d2321990e3168b6c64c1029c2854b0c",
        "Install.py": "6bb67e6f1ac33e5780deeac20a725eb6",
        "Main.py": "f54151d48c3800cf8022af35f80e5237",
        "OrangeBlox.py": "8f1a74bd0bd3e9ce1ab62bee55e1080b"
    },
    "download_location": "https://github.com/EfazDev/orangeblox/archive/refs/heads/main.zip"
}