{
    "version": "2.4.0d",
    "latest_version": "2.4.0d",
    "hashes": {
        "OrangeAPI.py": "9ee4ea914cd210c8fa48cbb7b289a27d",
        "RobloxFastFlagsInstaller.py": "7a4d0db0b182e9402e7855cd0c496c66",
        "PyKits.py": "25206f27d06f89058e6bbfb15bcc6716",
        "DiscordPresenceHandler.py": "eb0cb59eed5f56a109593fa3278d320c",
        "Install.py": "1a8b91d336bc30b8095af0483b119901",
        "Main.py": "201a7a9d4cd20027dd3490fd4cab91f9",
        "OrangeBlox.py": "a397f76a3722b4b1ef7b8189224bc022"
    },
    "download_location": "https://github.com/EfazDev/orangeblox/archive/refs/heads/main.zip"
}