{
    "version": "2.3.0a",
    "latest_version": "2.3.0a",
    "hashes": {
        "OrangeAPI.py": "c825b7fdb1f8058b3ac470a3ad5af378",
        "RobloxFastFlagsInstaller.py": "b9010936053fd5a11d72ba4d6da87453",
        "PyKits.py": "80998360b2d9813a38f6cc243b5cc650",
        "DiscordPresenceHandler.py": "3bfb67de55e4374fc941c501473c0182",
        "EfazRobloxBootstrapAPI.py": "6cc6d6617125a528417065802bc3bd30",
        "Install.py": "b7d533300b77b1963f13e15183b967fa",
        "Main.py": "1405ee79000a2361c6a5be889fc3544b",
        "OrangeBlox.py": "5f0216f3bddf885dd643be32c63fa27c"
    },
    "download_location": "https://github.com/EfazDev/orangeblox/archive/refs/heads/main.zip"
}