{
    "version": "2.3.0f",
    "latest_version": "2.3.0f",
    "hashes": {
        "OrangeAPI.py": "d08b50327c0dfc349e1a72e664e595dd",
        "RobloxFastFlagsInstaller.py": "e1269c3a51d16edd1aa99f413be7a344",
        "PyKits.py": "c6923461ba4af93a4306bbeb4771cc90",
        "DiscordPresenceHandler.py": "3bfb67de55e4374fc941c501473c0182",
        "EfazRobloxBootstrapAPI.py": "f05b9794404bbec52ffb096fd0de6259",
        "Install.py": "b4e10fdc947f1a7ce4e555b8ee0dbbf9",
        "Main.py": "e60ab2b330a06a10368b9f8e2fd44650",
        "OrangeBlox.py": "35018487f4583ededc37971ad962e735"
    },
    "download_location": "https://github.com/EfazDev/orangeblox/archive/refs/heads/main.zip"
}