{
    "version": "2.2.8b",
    "latest_version": "2.2.8b",
    "hashes": {
        "OrangeAPI.py": "4dafd47aaab80d43273fa1f3197f4d43",
        "RobloxFastFlagsInstaller.py": "50a43f50247d07ff0f95d7bde67da66b",
        "PyKits.py": "b646c45c4829f057461b66fdb981db9a",
        "DiscordPresenceHandler.py": "e57bf18964ca1051872cbb1fc2543705",
        "EfazRobloxBootstrapAPI.py": "0c7da7d1c36c814819487fa679cbaf22",
        "Install.py": "a624e01b51264cda2d4932fe2cbfaaa9",
        "Main.py": "b7d5788cb3aff5df12c20d48d42be0ab",
        "OrangeBlox.py": "33e945c61aad86cfa25d7e0fce58a9ae"
    },
    "download_location": "https://github.com/EfazDev/orangeblox/archive/refs/heads/beta.zip"
}