{
    "version": "2.2.7",
    "latest_version": "2.2.7",
    "hashes": {
        "OrangeAPI.py": "dc1ffb62dc481c888c013244a6cecf99",
        "RobloxFastFlagsInstaller.py": "bd37ef11250091695ab75766d6c72f90",
        "PyKits.py": "b646c45c4829f057461b66fdb981db9a",
        "DiscordPresenceHandler.py": "e57bf18964ca1051872cbb1fc2543705",
        "EfazRobloxBootstrapAPI.py": "53b09f6060371d7e5fda1192213d508d",
        "Install.py": "10a046a0d33eb93db632064371cfbb70",
        "Main.py": "a1cb8fc07d7e804d47666c6b41c3ee9b",
        "OrangeBlox.py": "dd13d8f55c169271f7557be056fba841"
    },
    "download_location": "https://github.com/EfazDev/orangeblox/archive/refs/heads/main.zip"
}