{
    "version": "2.3.0k",
    "latest_version": "2.3.0k",
    "hashes": {
        "OrangeAPI.py": "e497ce6bb3d0b339b096e25f971757a2",
        "RobloxFastFlagsInstaller.py": "c45af53dc899aab7c356f340ed14c41b",
        "PyKits.py": "3c2862a7d8b143c2a16bcba809b7f876",
        "DiscordPresenceHandler.py": "3bfb67de55e4374fc941c501473c0182",
        "EfazRobloxBootstrapAPI.py": "6ca694c3bc1a51a0997a6799c32fb783",
        "Install.py": "8db47df5c57073d41e986ca854a936b6",
        "Main.py": "3017de1a6ae6f632eb63c2388c554c94",
        "OrangeBlox.py": "0b0e1b8f2a23bf20c5bff265e45011f7"
    },
    "download_location": "https://github.com/EfazDev/orangeblox/archive/refs/heads/main.zip"
}