{
    "version": "2.2.8e",
    "latest_version": "2.2.8e",
    "hashes": {
        "OrangeAPI.py": "b29eca8eec534f2ac05dcd8e3d807449",
        "RobloxFastFlagsInstaller.py": "695f2fb3fbb0c78cef006f0b00f70f47",
        "PyKits.py": "01d0b260824bfbc7d1da22da74d32733",
        "DiscordPresenceHandler.py": "3bfb67de55e4374fc941c501473c0182",
        "EfazRobloxBootstrapAPI.py": "1db4522ad6b11e17d12fb17d03170627",
        "Install.py": "3558f8830a690a474b92c853d58c8ee0",
        "Main.py": "361f802c54562d3d775137efaf58718e",
        "OrangeBlox.py": "4e1edba4feb0fadd43db09bdab21f743"
    },
    "download_location": "https://github.com/EfazDev/orangeblox/archive/refs/heads/main.zip"
}