{
    "version": "2.4.0e",
    "latest_version": "2.4.0e",
    "hashes": {
        "OrangeAPI.py": "205705f731fa0e882394fe32f6874fee",
        "RobloxFastFlagsInstaller.py": "805d03d8cbf0072efb1d4ce3a7f5329d",
        "PyKits.py": "25206f27d06f89058e6bbfb15bcc6716",
        "DiscordPresenceHandler.py": "985b00a6f62c34b67b69032916f09667",
        "Install.py": "c244d2906054098ed1ae2f3dbf5c79b0",
        "Main.py": "328c5def4778389d25bf8c89a421f732",
        "OrangeBlox.py": "eb98905a807e23865936b24d889f6cdc"
    },
    "download_location": "https://github.com/EfazDev/orangeblox/archive/refs/heads/main.zip"
}