{
    "version": "2.3.0e",
    "latest_version": "2.3.0e",
    "hashes": {
        "OrangeAPI.py": "f09e76161094cf59eef6b4169ca23869",
        "RobloxFastFlagsInstaller.py": "e1269c3a51d16edd1aa99f413be7a344",
        "PyKits.py": "c6923461ba4af93a4306bbeb4771cc90",
        "DiscordPresenceHandler.py": "3bfb67de55e4374fc941c501473c0182",
        "EfazRobloxBootstrapAPI.py": "e2452f8f00232999bad7ece13d165bd5",
        "Install.py": "cbf6054d36b170bcb83ce9bf0949e48d",
        "Main.py": "4e064be2cf592afe50b20997f10fddc1",
        "OrangeBlox.py": "23d8dc937a71bbec9db864445783f714"
    },
    "download_location": "https://github.com/EfazDev/orangeblox/archive/refs/heads/main.zip"
}