{
    "version": "2.4.0h",
    "latest_version": "2.4.0h",
    "hashes": {
        "OrangeAPI.py": "f802344caf28fedfc916fb26477d822a",
        "RobloxFastFlagsInstaller.py": "c06d908aea5679f2503fb5abcdc9d41f",
        "PyKits.py": "25206f27d06f89058e6bbfb15bcc6716",
        "DiscordPresenceHandler.py": "744ed214afa524d8b1e9dcf69b06c030",
        "Install.py": "62c0cb7aae2c0ae6d7e4dc90be58ffcc",
        "Main.py": "0415cda953debb26773d9b8348e8be65",
        "OrangeBlox.py": "c588885858d695a0150819d5957178c3"
    },
    "download_location": "https://github.com/EfazDev/orangeblox/archive/refs/heads/main.zip"
}