{
    "version": "2.2.9",
    "latest_version": "2.2.9",
    "hashes": {
        "OrangeAPI.py": "9fbef98409e3f4475e2753d86364f53b",
        "RobloxFastFlagsInstaller.py": "d37217d9c16102cf4c95c3cbd23ade1f",
        "PyKits.py": "01d0b260824bfbc7d1da22da74d32733",
        "DiscordPresenceHandler.py": "3bfb67de55e4374fc941c501473c0182",
        "EfazRobloxBootstrapAPI.py": "799b5c6766e9a1c84004a4b113656b82",
        "Install.py": "c35e9bda39c4852d877af9ae9bf24379",
        "Main.py": "f60dac613605eda112460c9a488da0ce",
        "OrangeBlox.py": "f199a9df1dc5b3f72d66f7bc5c671c68"
    },
    "download_location": "https://github.com/EfazDev/orangeblox/archive/refs/heads/main.zip"
}