{
    "version": "2.3.0",
    "latest_version": "2.3.0",
    "hashes": {
        "OrangeAPI.py": "09ed439c6a6c2df77de4ed705da14a2f",
        "RobloxFastFlagsInstaller.py": "c45af53dc899aab7c356f340ed14c41b",
        "PyKits.py": "3c2862a7d8b143c2a16bcba809b7f876",
        "DiscordPresenceHandler.py": "3bfb67de55e4374fc941c501473c0182",
        "EfazRobloxBootstrapAPI.py": "6cc6d6617125a528417065802bc3bd30",
        "Install.py": "a7ae70615afc71d676e1eaff96f63c8c",
        "Main.py": "3e36b89efeb244d625a08fd3b9d1302d",
        "OrangeBlox.py": "5a998dd9ef1564c04533a45cafd216ed"
    },
    "download_location": "https://github.com/EfazDev/orangeblox/archive/refs/heads/main.zip"
}