{
    "version": "2.2.7b",
    "latest_version": "2.2.7b",
    "hashes": {
        "OrangeAPI.py": "ff83cea7ca75856d65d9edf0a3d46a12",
        "RobloxFastFlagsInstaller.py": "b6f05ed1f46b30ed676fe3bc6237bca7",
        "PyKits.py": "b646c45c4829f057461b66fdb981db9a",
        "DiscordPresenceHandler.py": "e57bf18964ca1051872cbb1fc2543705",
        "EfazRobloxBootstrapAPI.py": "b23ded74bb073831bfcb028d929bcef6",
        "Install.py": "a6ad018fa3e487c34cca02275055f4bc",
        "Main.py": "65c4c5913ad0d7eed55dc1e838abc65a",
        "OrangeBlox.py": "742855a164929b51ebcce8f72612129e"
    },
    "download_location": "https://github.com/EfazDev/orangeblox/archive/refs/heads/beta.zip"
}