{
    "version": "2.2.7",
    "latest_version": "2.2.7",
    "hashes": {
        "OrangeAPI.py": "37bbde29475dc02473bd49a14d90434b",
        "RobloxFastFlagsInstaller.py": "f4e5a3d12cf37bdaa87904c5549eba83",
        "PyKits.py": "b646c45c4829f057461b66fdb981db9a",
        "DiscordPresenceHandler.py": "e57bf18964ca1051872cbb1fc2543705",
        "EfazRobloxBootstrapAPI.py": "53b09f6060371d7e5fda1192213d508d",
        "Install.py": "b2e6c031af46b2ead519ee5a553a6edb",
        "Main.py": "a8808f37978a31a3097b4ab9a0796efa",
        "OrangeBlox.py": "6f4b57974ad3fc30759c7c9b51a613a4"
    },
    "download_location": "https://github.com/EfazDev/orangeblox/archive/refs/heads/beta.zip"
}