{
    "version": "2.3.1b",
    "latest_version": "2.3.1b",
    "hashes": {
        "OrangeAPI.py": "a79be91fb60a82d237de708f4955d9ab",
        "RobloxFastFlagsInstaller.py": "ee2814e89a7f9195e3bab41a6e5db0db",
        "PyKits.py": "c7068bd2b5023e9378ceb9774b5e5676",
        "DiscordPresenceHandler.py": "5931f807a3b10bef665f01c494df7e67",
        "EfazRobloxBootstrapAPI.py": "fdc256afffc92c88fa52be024e860d97",
        "Install.py": "9061318bc0da9d4cb066c0783f3ef5f7",
        "Main.py": "ff8c0a67d85a0c63b2f8948053381c73",
        "OrangeBlox.py": "f2aebabe812afc09aa688d1ae5e77680"
    },
    "download_location": "https://github.com/EfazDev/orangeblox/archive/refs/heads/main.zip"
}