{
    "version": "2.3.1h",
    "latest_version": "2.3.1h",
    "hashes": {
        "OrangeAPI.py": "8a6d6dbdbfdab68fe05d8dbcc3b1136e",
        "RobloxFastFlagsInstaller.py": "ee2814e89a7f9195e3bab41a6e5db0db",
        "PyKits.py": "c7068bd2b5023e9378ceb9774b5e5676",
        "DiscordPresenceHandler.py": "2f534e63cd73ae4b43fc06ad49718abc",
        "EfazRobloxBootstrapAPI.py": "29f9bccf155f263982359d1c49165c84",
        "Install.py": "429b380efcaa0e4ca356bb53e2f2b8e5",
        "Main.py": "945017fb47750491036b02e23ce300be",
        "OrangeBlox.py": "80d7319e59730a8d72f19dba540aaf6e"
    },
    "download_location": "https://github.com/EfazDev/orangeblox/archive/refs/heads/main.zip"
}