{
    "version": "2.3.0d",
    "latest_version": "2.3.0d",
    "hashes": {
        "OrangeAPI.py": "ddf3156ec9d20eabc8c9efab5946f71d",
        "RobloxFastFlagsInstaller.py": "368e5b49ff2668072e192a732639cbe9",
        "PyKits.py": "ca7875324867380d374c3d235ac6e310",
        "DiscordPresenceHandler.py": "3bfb67de55e4374fc941c501473c0182",
        "EfazRobloxBootstrapAPI.py": "6cc6d6617125a528417065802bc3bd30",
        "Install.py": "0be6d0cf3d62a6b64c3e4f0e9c50d506",
        "Main.py": "e10dddc1ec08473bcb857fcc21901c47",
        "OrangeBlox.py": "d70aa16cf3d74c32844430e66458a2e0"
    },
    "download_location": "https://github.com/EfazDev/orangeblox/archive/refs/heads/main.zip"
}