{
    "version": "2.4.1",
    "latest_version": "2.4.1",
    "hashes": {
        "OrangeAPI.py": "9319a291b2c90a93eaee2c11cc3c4814",
        "RobloxFastFlagsInstaller.py": "fc84f30d5da1146210f4f1260870eaa8",
        "PyKits.py": "f9a3e8c32ca0e9c0fa9975f0544843d4",
        "DiscordPresenceHandler.py": "22f0295166d544d9a02bf0a442f8a8b5",
        "Install.py": "93e8eb31263f5e6092b7af8af017cc2b",
        "Main.py": "cf1371d615f4da8c9005cef62fd8d316",
        "OrangeBlox.py": "814fb9da7133a1f48c77c21f7bf90b5f"
    },
    "download_location": "https://github.com/EfazDev/orangeblox/archive/refs/heads/main.zip"
}