{
    "version": "2.3.1",
    "latest_version": "2.3.1",
    "hashes": {
        "OrangeAPI.py": "62184347a8d2729d664dd2dbe8020c03",
        "RobloxFastFlagsInstaller.py": "ee2814e89a7f9195e3bab41a6e5db0db",
        "PyKits.py": "c7068bd2b5023e9378ceb9774b5e5676",
        "DiscordPresenceHandler.py": "2f534e63cd73ae4b43fc06ad49718abc",
        "EfazRobloxBootstrapAPI.py": "aa903206df044505bc89c21505381421",
        "Install.py": "5114e8a3f064ab2eed2bc1a0ac3d2c25",
        "Main.py": "19183b2017368148b3080ad52bf944c4",
        "OrangeBlox.py": "161d3b88fc68d1eee0874a2b082a5974"
    },
    "download_location": "https://github.com/EfazDev/orangeblox/archive/refs/heads/main.zip"
}