{
    "version": "2.2.5",
    "latest_version": "2.2.5",
    "hashes": {
        "OrangeAPI.py": "9529e1f4bd8e14d041fb5c9f4e47c003",
        "RobloxFastFlagsInstaller.py": "6c176e9fbb8cae340e402e9e79ae20da",
        "PyKits.py": "557f669814308415de50cde4cc1a8a0e",
        "DiscordPresenceHandler.py": "3f6c62bceb8fa396d81ef0b8b3b31d2e",
        "EfazRobloxBootstrapAPI.py": "ef03681d6a5ae92ff03910e91a078924",
        "Install.py": "d610e6fbef080a8d9af6eb5bd1eb4efd",
        "Main.py": "379fe9f246285674f5c63ba26cd4b83e",
        "OrangeBlox.py": "31230011fa2e0cfd438f366d817fec8b"
    },
    "download_location": "https://github.com/EfazDev/orangeblox/archive/refs/heads/main.zip"
}