{
    "version": "2.3.0a",
    "latest_version": "2.3.0a",
    "hashes": {
        "OrangeAPI.py": "c825b7fdb1f8058b3ac470a3ad5af378",
        "RobloxFastFlagsInstaller.py": "07699c0c45c303f411fd8f8bc516b220",
        "PyKits.py": "3b1cb91e955f398825e6cd36f52daf5f",
        "DiscordPresenceHandler.py": "3bfb67de55e4374fc941c501473c0182",
        "EfazRobloxBootstrapAPI.py": "6cc6d6617125a528417065802bc3bd30",
        "Install.py": "debd6844dc8a5c7b45453b86930dfae5",
        "Main.py": "fee1fe9153a535e9e5551576db8ee3e8",
        "OrangeBlox.py": "d2683ee6456d30a8391293f58eeaeb42"
    },
    "download_location": "https://github.com/EfazDev/orangeblox/archive/refs/heads/main.zip"
}