{
    "version": "2.4.0c",
    "latest_version": "2.4.0c",
    "hashes": {
        "OrangeAPI.py": "884f338b95b84f727d2bbe9371892b49",
        "RobloxFastFlagsInstaller.py": "d567885df9df9f89bcaaf62414de3da9",
        "PyKits.py": "6d0f469b3e8f08fbf01e31631e27a4c8",
        "DiscordPresenceHandler.py": "2f534e63cd73ae4b43fc06ad49718abc",
        "Install.py": "051b24b629ecbe421584013749f9e453",
        "Main.py": "d057930312d158b41e9842ca0438bc95",
        "OrangeBlox.py": "7f245b9d1b38ce908eccf381a63d633a"
    },
    "download_location": "https://github.com/EfazDev/orangeblox/archive/refs/heads/main.zip"
}