{
    "version": "2.4.0b",
    "latest_version": "2.4.0b",
    "hashes": {
        "OrangeAPI.py": "aa49e9d2d860d328c12418f994a4d4b8",
        "RobloxFastFlagsInstaller.py": "5cf7e5efe88e48b9442204fb35054cf3",
        "PyKits.py": "75593a883410b88d5fb595c20997591a",
        "DiscordPresenceHandler.py": "2f534e63cd73ae4b43fc06ad49718abc",
        "Install.py": "f932b13f09082789cd53fce7594be4d2",
        "Main.py": "e94a2234a1beb838bfa782108e2c7c8e",
        "OrangeBlox.py": "15ecdf331d6f5932091b3cc8ab5104e0"
    },
    "download_location": "https://github.com/EfazDev/orangeblox/archive/refs/heads/main.zip"
}