{
    "version": "2.2.7d",
    "latest_version": "2.2.7d",
    "hashes": {
        "OrangeAPI.py": "a49569f0231e21e8b731db75183fb0bc",
        "RobloxFastFlagsInstaller.py": "b6f05ed1f46b30ed676fe3bc6237bca7",
        "PyKits.py": "b646c45c4829f057461b66fdb981db9a",
        "DiscordPresenceHandler.py": "ac0fbb58413f935c8582d8296114be29",
        "EfazRobloxBootstrapAPI.py": "e2f1086c7bce3fa0102cf13e476e8124",
        "Install.py": "77c8d15faae781ce2bdebeb1c209a2ee",
        "Main.py": "946b312ea119b990fad8c11a2c9ab82f",
        "OrangeBlox.py": "6f4b57974ad3fc30759c7c9b51a613a4"
    },
    "download_location": "https://github.com/EfazDev/orangeblox/archive/refs/heads/beta.zip"
}