{
    "version": "2.2.8d",
    "latest_version": "2.2.8d",
    "hashes": {
        "OrangeAPI.py": "6f82977696ad6b30e8699b4ef6ac1dbb",
        "RobloxFastFlagsInstaller.py": "695f2fb3fbb0c78cef006f0b00f70f47",
        "PyKits.py": "01d0b260824bfbc7d1da22da74d32733",
        "DiscordPresenceHandler.py": "1f3260a851f105b47ac1be939ac04fef",
        "EfazRobloxBootstrapAPI.py": "bbba5545280ccd6d57d1a30d7187a0e8",
        "Install.py": "12d1b06ace8e536db8e6c6368709d7dc",
        "Main.py": "e4ea21d4e00456fca9e301a65e940981",
        "OrangeBlox.py": "4e1edba4feb0fadd43db09bdab21f743"
    },
    "download_location": "https://github.com/EfazDev/orangeblox/archive/refs/heads/beta.zip"
}