{
    "version": "2.4.0f",
    "latest_version": "2.4.0f",
    "hashes": {
        "OrangeAPI.py": "ca4522578108ab7cdda456b0f0f4d112",
        "RobloxFastFlagsInstaller.py": "805d03d8cbf0072efb1d4ce3a7f5329d",
        "PyKits.py": "25206f27d06f89058e6bbfb15bcc6716",
        "DiscordPresenceHandler.py": "d79637f75de9f600a7663edb51fb1c35",
        "Install.py": "7ce5a430ab013f1f267265623940c251",
        "Main.py": "094f926721eed71e474b295f910e2cdf",
        "OrangeBlox.py": "c3e6332211a04c3305ebd2a171f434e6"
    },
    "download_location": "https://github.com/EfazDev/orangeblox/archive/refs/heads/beta.zip"
}