{
    "version": "2.2.8f",
    "latest_version": "2.2.8f",
    "hashes": {
        "OrangeAPI.py": "fd0199858cf57f5195843dc769055153",
        "RobloxFastFlagsInstaller.py": "695f2fb3fbb0c78cef006f0b00f70f47",
        "PyKits.py": "01d0b260824bfbc7d1da22da74d32733",
        "DiscordPresenceHandler.py": "1f3260a851f105b47ac1be939ac04fef",
        "EfazRobloxBootstrapAPI.py": "3ad710a2d2fe4a78289ea27d7ef421b7",
        "Install.py": "5ec0792a2f087c23ffa7f3b8b8fc5bf4",
        "Main.py": "d93bfa653cfa94944d5759e68fd7c533",
        "OrangeBlox.py": "4e1edba4feb0fadd43db09bdab21f743"
    },
    "download_location": "https://github.com/EfazDev/orangeblox/archive/refs/heads/beta.zip"
}