{
    "version": "2.3.0c",
    "latest_version": "2.3.0c",
    "hashes": {
        "OrangeAPI.py": "7135502bf651e174cc96d92fcd0605b3",
        "RobloxFastFlagsInstaller.py": "19ec4439509602affcca30e2b7fc2c9e",
        "PyKits.py": "ca7875324867380d374c3d235ac6e310",
        "DiscordPresenceHandler.py": "1f3260a851f105b47ac1be939ac04fef",
        "EfazRobloxBootstrapAPI.py": "6cc6d6617125a528417065802bc3bd30",
        "Install.py": "ee59a9a9b75e8ecfb0e35b86e8342982",
        "Main.py": "c8ec052d694be5735398df5eaa903fe5",
        "OrangeBlox.py": "d70aa16cf3d74c32844430e66458a2e0"
    },
    "download_location": "https://github.com/EfazDev/orangeblox/archive/refs/heads/beta.zip"
}