{
    "version": "2.3.1d",
    "latest_version": "2.3.1d",
    "hashes": {
        "OrangeAPI.py": "3e259b046ab97a0a1ddc9881319a83bd",
        "RobloxFastFlagsInstaller.py": "ee2814e89a7f9195e3bab41a6e5db0db",
        "PyKits.py": "c7068bd2b5023e9378ceb9774b5e5676",
        "DiscordPresenceHandler.py": "87cc299f0ed36f415ff1a50730f6841e",
        "EfazRobloxBootstrapAPI.py": "f3387873acba73cbcfe07e387ecf14c4",
        "Install.py": "1332ce93250b3fb6dc2bb222191baa32",
        "Main.py": "e743ed7ce9163e1d5ab3cac3a5afb020",
        "OrangeBlox.py": "7634b37bef7930edd6e1063e615d511c"
    },
    "download_location": "https://github.com/EfazDev/orangeblox/archive/refs/heads/beta.zip"
}