{
    "version": "2.4.0i",
    "latest_version": "2.4.0i",
    "hashes": {
        "OrangeAPI.py": "e3cf8598e8887d9a2d92111bebfb5376",
        "RobloxFastFlagsInstaller.py": "3f35c393265f25bce29f9f6437022fe7",
        "PyKits.py": "9d8c3bb7779264c67fe00c7cd257f86f",
        "DiscordPresenceHandler.py": "9753b97b9ab45f7a1c41ad4de9d4030b",
        "Install.py": "1540023831ae5efa932002ab882ade24",
        "Main.py": "be38c97ef6ece354a70102b33c25d6c4",
        "OrangeBlox.py": "7f4cbd150273fd015f17a194cb05f195"
    },
    "download_location": "https://github.com/EfazDev/orangeblox/archive/refs/heads/beta.zip"
}