{
    "version": "2.3.1c",
    "latest_version": "2.3.1c",
    "hashes": {
        "OrangeAPI.py": "316fefdec5b97b6bf91848244c995958",
        "RobloxFastFlagsInstaller.py": "ee2814e89a7f9195e3bab41a6e5db0db",
        "PyKits.py": "c7068bd2b5023e9378ceb9774b5e5676",
        "DiscordPresenceHandler.py": "87cc299f0ed36f415ff1a50730f6841e",
        "EfazRobloxBootstrapAPI.py": "18e2bca071bac82a80d19461d83c4fc0",
        "Install.py": "20d0090c00796685a8397ee5554890a5",
        "Main.py": "ab0b990acefeb5e9eb22f555d40e85ca",
        "OrangeBlox.py": "2d89cc02c4789fd791b76a72cf055935"
    },
    "download_location": "https://github.com/EfazDev/orangeblox/archive/refs/heads/beta.zip"
}