{
    "version": "2.0.1",
    "latest_version": "2.0.1",
    "hashes": {
        "main": "4157adee276734e322ba9a4c85e4ac5b",
        "fflag_install": "63c702f983aa462bab4af9ad54f34436",
        "install": "d616a3262d4252876139f361740451f0",
        "bootstrap_api": "04caac38eed270bbe8e3f9e2e35f9d44",
        "discord_presence": "4750ac894f5154d8be739f5f662f6165",
        "pip_handler": "9020b79a78e958a5622d68358b6d5ba7"
    },
    "download_location": "https://github.com/EfazDev/orangeblox/archive/refs/heads/main.zip"
}