{
    "version": "2.0.2",
    "latest_version": "2.0.2",
    "hashes": {
        "main": "86e808f4ff7c2aa832b82f814f914db8",
        "fflag_install": "a32c13a7dc33ccb1787d0db78de3552c",
        "install": "493e81980ba83d28f8ebb9f864845d86",
        "bootstrap_api": "0674debf619a51768df8b9cf783aff6e",
        "discord_presence": "4750ac894f5154d8be739f5f662f6165",
        "pip_handler": "20952cb60bab3a8c5249cfa7928ced6f"
    },
    "download_location": "https://github.com/EfazDev/orangeblox/archive/refs/heads/main.zip"
}