{
    "version": "2.0.0",
    "latest_version": "2.0.0",
    "hashes": {
        "main": "b552e7a569d76b8d522bd7cdc57df762",
        "fflag_install": "9ba565da11545eb8ba0cb31bdc9a88d9",
        "install": "524f072a682a9b9490fd9060e49cb3b4",
        "bootstrap_api": "43464cb4ec2cdb63b6a1fa475cfa3882",
        "discord_presence": "2db0b98d8d40bbe5c25cc3e1df86a82c",
        "pip_handler": "72fd3262b0f861d653f43de00ad501f8"
    },
    "download_location": "https://github.com/EfazDev/orangeblox/archive/refs/heads/main.zip"
}