{
    "version": "2.2.2",
    "latest_version": "2.2.2",
    "hashes": {
        "OrangeAPI.py": "9f97e9a5979351ba92a3024faee7e3cc",
        "RobloxFastFlagsInstaller.py": "a925b3bcb190edfdda1886e7e2977681",
        "PyKits.py": "df7055f58f373dd552dee5118c746dcf",
        "DiscordPresenceHandler.py": "723757114107e8a622052c68bae09fb0",
        "EfazRobloxBootstrapAPI.py": "86249b59d5d771ab3d62f54fd2399e3d",
        "Install.py": "f7d8c282625d2c310472a75074fdda0d",
        "Main.py": "c640da3de29989b0d31deb1236f54a1f",
        "OrangeBlox.py": "4b31f413530a19a8dc507acbdbf3647d"
    },
    "download_location": "https://github.com/EfazDev/orangeblox/archive/refs/heads/main.zip"
}