{
    "version": "2.2.0",
    "latest_version": "2.2.0",
    "hashes": {
        "OrangeAPI.py": "01678c094835db4e864346accb0431b5",
        "RobloxFastFlagsInstaller.py": "a925b3bcb190edfdda1886e7e2977681",
        "PyKits.py": "df7055f58f373dd552dee5118c746dcf",
        "DiscordPresenceHandler.py": "723757114107e8a622052c68bae09fb0",
        "EfazRobloxBootstrapAPI.py": "cbcfbc323505afc4f2c2d4b96fd7c8c2",
        "Install.py": "106c30e5484fb79dda67693cad161a69",
        "Main.py": "3402e9955e43ce2c8d4dcce84d65f0f0",
        "OrangeBlox.py": "2fb324e6fc58edb2d8486396d9c0db61"
    },
    "download_location": "https://github.com/EfazDev/orangeblox/archive/refs/heads/main.zip"
}