{
    "version": "2.2.6",
    "latest_version": "2.2.6",
    "hashes": {
        "OrangeAPI.py": "5521d586e31ec621dd6ec31532dde514",
        "RobloxFastFlagsInstaller.py": "cca2beb9f29745713358ff81c90d1c33",
        "PyKits.py": "557f669814308415de50cde4cc1a8a0e",
        "DiscordPresenceHandler.py": "bb2cda7140b45a93423fdbc3b199e7ca",
        "EfazRobloxBootstrapAPI.py": "d99e00d86247a327de643ae3d2f317b9",
        "Install.py": "2307e6d59e24272c67e209e7f904a934",
        "Main.py": "197b7f0977e760d61feb6c127b74d4d7",
        "OrangeBlox.py": "bc4db5ece0cbdeebf1b2788a233e00a4"
    },
    "download_location": "https://github.com/EfazDev/orangeblox/archive/refs/heads/main.zip"
}