{
    "version": "2.3.0h",
    "latest_version": "2.3.0h",
    "hashes": {
        "OrangeAPI.py": "71abf097868413906a4547e40e31c9ca",
        "RobloxFastFlagsInstaller.py": "e1269c3a51d16edd1aa99f413be7a344",
        "PyKits.py": "c6923461ba4af93a4306bbeb4771cc90",
        "DiscordPresenceHandler.py": "1f3260a851f105b47ac1be939ac04fef",
        "EfazRobloxBootstrapAPI.py": "cb6130481f156df4ebfbdd09215863b3",
        "Install.py": "aa793b50dac8c0c4a2e81b6dfd4b2476",
        "Main.py": "c704083bef357616c7ab1d6f2d3e7b08",
        "OrangeBlox.py": "bcf07aeb3c81ec6a477f735e41dc1de5"
    },
    "download_location": "https://github.com/EfazDev/orangeblox/archive/refs/heads/beta.zip"
}