{
    "version": "2.3.1e",
    "latest_version": "2.3.1e",
    "hashes": {
        "OrangeAPI.py": "cdd13ddf3d1634e1f8e62d31694a0856",
        "RobloxFastFlagsInstaller.py": "ee2814e89a7f9195e3bab41a6e5db0db",
        "PyKits.py": "c7068bd2b5023e9378ceb9774b5e5676",
        "DiscordPresenceHandler.py": "87cc299f0ed36f415ff1a50730f6841e",
        "EfazRobloxBootstrapAPI.py": "c1310498a19e7a5500148fb026cd9609",
        "Install.py": "ac4efedb9d776638a4e3a3b87165d7df",
        "Main.py": "b6bc3a392c75dc1377b477c195d8b834",
        "OrangeBlox.py": "fec244bf5ec3fdeeb985b6a8e307f212"
    },
    "download_location": "https://github.com/EfazDev/orangeblox/archive/refs/heads/beta.zip"
}