{
    "version": "2.4.1a",
    "latest_version": "2.4.1a",
    "hashes": {
        "OrangeAPI.py": "75a38c87d7a4132a5c1e15722345ba1c",
        "RobloxFastFlagsInstaller.py": "fc84f30d5da1146210f4f1260870eaa8",
        "PyKits.py": "f9a3e8c32ca0e9c0fa9975f0544843d4",
        "DiscordPresenceHandler.py": "7836482357f2e3f3c6b7f3e83f22242b",
        "Install.py": "ef84d6b33fc3e1d7b6f8555c0a06d8ca",
        "Main.py": "dd4578ad1befbd355878729649e9b0bf",
        "OrangeBlox.py": "98e2c7e9b565c07c60ccd88088d1cfbf"
    },
    "download_location": "https://github.com/EfazDev/orangeblox/archive/refs/heads/beta.zip"
}