{
    "version": "2.4.0l",
    "latest_version": "2.4.0l",
    "hashes": {
        "OrangeAPI.py": "4c1c6fd3bcca87d0157154d90b7cd8b6",
        "RobloxFastFlagsInstaller.py": "c1033042505cb6aebadd9906487ffebd",
        "PyKits.py": "f9a3e8c32ca0e9c0fa9975f0544843d4",
        "DiscordPresenceHandler.py": "a41ad7a29407099ffb3b4eec73b7fe15",
        "Install.py": "b06f5af4bf3a7afc43623cbf5a367415",
        "Main.py": "29749bd9883a928c69022118506b5467",
        "OrangeBlox.py": "cb4ddfab4b0e0b35419cba2c64984fb8"
    },
    "download_location": "https://github.com/EfazDev/orangeblox/archive/refs/heads/beta.zip"
}