{
    "version": "2.3.0j",
    "latest_version": "2.3.0j",
    "hashes": {
        "OrangeAPI.py": "9fee3b48ebbfa9ace130933e1d14f517",
        "RobloxFastFlagsInstaller.py": "c45af53dc899aab7c356f340ed14c41b",
        "PyKits.py": "3c2862a7d8b143c2a16bcba809b7f876",
        "DiscordPresenceHandler.py": "1f3260a851f105b47ac1be939ac04fef",
        "EfazRobloxBootstrapAPI.py": "42970f1fd5d5462b3745bf99917ddaee",
        "Install.py": "66a208d26989307133028cc96b3a8fcb",
        "Main.py": "2ddd0e2a0cfbc26c25b83842cff8d86c",
        "OrangeBlox.py": "dc34aa4500219fda254e7772b6565ac6"
    },
    "download_location": "https://github.com/EfazDev/orangeblox/archive/refs/heads/beta.zip"
}