{
    "version": "2.3.0i",
    "latest_version": "2.3.0i",
    "hashes": {
        "OrangeAPI.py": "7b6c989babb51455b41e15423e13112d",
        "RobloxFastFlagsInstaller.py": "c45af53dc899aab7c356f340ed14c41b",
        "PyKits.py": "c6923461ba4af93a4306bbeb4771cc90",
        "DiscordPresenceHandler.py": "1f3260a851f105b47ac1be939ac04fef",
        "EfazRobloxBootstrapAPI.py": "57fe3d5f5eb2803453452bb1d0a52d5b",
        "Install.py": "7ee39121d9604e108501b7a914c5ab15",
        "Main.py": "0311202c22007f65be1be7cad7dd74ba",
        "OrangeBlox.py": "3b9fcddd01c84aafeb5e8f5e142f878f"
    },
    "download_location": "https://github.com/EfazDev/orangeblox/archive/refs/heads/beta.zip"
}