{
    "version": "2.2.8",
    "latest_version": "2.2.8",
    "hashes": {
        "OrangeAPI.py": "a376d6a2742b02426baaf60c16cfb773",
        "RobloxFastFlagsInstaller.py": "849fee6fe64bbed60961e0e3c6088648",
        "PyKits.py": "01d0b260824bfbc7d1da22da74d32733",
        "DiscordPresenceHandler.py": "1f3260a851f105b47ac1be939ac04fef",
        "EfazRobloxBootstrapAPI.py": "383e42f1743a7efa734c9bd7c4b31544",
        "Install.py": "d33411a3fc2e404d14c1cbee0069a6ba",
        "Main.py": "030b843ece4b2a8e042871cca769065d",
        "OrangeBlox.py": "4e1edba4feb0fadd43db09bdab21f743"
    },
    "download_location": "https://github.com/EfazDev/orangeblox/archive/refs/heads/beta.zip"
}