{
    "version": "1.5.2",
    "latest_version": "1.5.2",
    "versions_required_install": {
        "1.5.2": true
    },
    "hashes": {
        "main": "d13cf7bb176bd9e4ab29bb03d5f7fb07c6006e521c7022af52736d7ea6f3d927",
        "fflag_install": "4e834bff72e8e8955df4ba87b08a93cd53d0ba92c3b4644854e40d0831840eaf",
        "install": "fcb251e2b7f9c9a225dc59d8e771adcb65443d76150b6876524fc74057cd5da1",
        "bootstrap_api": "819b22a2a642f05f405d009f5765e903de1fb77aa1071d96736bd814217453d8",
        "discord_presence": "fa853cc1f63f75544032a49509054452060e0e990a3fcb1b957e45b1763c385a"
    },
    "download_location": "https://github.com/EfazDev/roblox-bootstrap/archive/refs/heads/main.zip"
}