{
    "version": "1.5.3",
    "latest_version": "1.5.3",
    "versions_required_install": {
        "1.5.3": true
    },
    "hashes": {
        "main": "7dc8cdb91d29d72cbea0ea73a0565786e0a47e5cb8594a11f861b5cf58326294",
        "fflag_install": "f605232daf438fa503056f361f3f10fb45318a54976d02ebb32b63346e773afa",
        "install": "2cdace7344115a44fe7215bf321a4d22e79617f56a574f8a320fb1a940dbe946",
        "bootstrap_api": "819b22a2a642f05f405d009f5765e903de1fb77aa1071d96736bd814217453d8",
        "discord_presence": "fa853cc1f63f75544032a49509054452060e0e990a3fcb1b957e45b1763c385a"
    },
    "download_location": "https://github.com/EfazDev/roblox-bootstrap/archive/refs/heads/main.zip"
}