{
    "version": "2.2.7c",
    "latest_version": "2.2.7c",
    "hashes": {
        "OrangeAPI.py": "b836448b539d65f4b0e883b1fefb5088",
        "RobloxFastFlagsInstaller.py": "b6f05ed1f46b30ed676fe3bc6237bca7",
        "PyKits.py": "b646c45c4829f057461b66fdb981db9a",
        "DiscordPresenceHandler.py": "ac0fbb58413f935c8582d8296114be29",
        "EfazRobloxBootstrapAPI.py": "db45453fbbac8caff2872b38de4656a5",
        "Install.py": "fde34351b6cd70a9addcedf7825f74a5",
        "Main.py": "86d107f9a6b2b175b318a66ca70cce7b",
        "OrangeBlox.py": "6f4b57974ad3fc30759c7c9b51a613a4"
    },
    "download_location": "https://github.com/EfazDev/orangeblox/archive/refs/heads/beta.zip"
}