{
    "version": "1.5.6",
    "latest_version": "1.5.6",
    "hashes": {
        "main": "f1077da94954006bba97925d1d72dfec174e7472db0e89848c784a04532cade7",
        "fflag_install": "5271baa4599f333eb6be5f23e000a3c6941cef3a7abc963d246f0b71205e67f5",
        "install": "65df4ae7b4fb1f45f893e8b0b4910fee46b0e93fc3e173bdbe1ea1b929956e3c",
        "bootstrap_api": "819b22a2a642f05f405d009f5765e903de1fb77aa1071d96736bd814217453d8",
        "discord_presence": "fa853cc1f63f75544032a49509054452060e0e990a3fcb1b957e45b1763c385a"
    },
    "download_location": "https://github.com/EfazDev/roblox-bootstrap/archive/refs/heads/main.zip"
}